<?xml version="1.0" encoding="UTF-8"?>
<MD_Metadata xmlns="http://www.isotc211.org/2005/gmd" xmlns:gco="http://www.isotc211.org/2005/gco" xmlns:gts="http://www.isotc211.org/2005/gts" xmlns:srv="http://www.isotc211.org/2005/srv" xmlns:gml="http://www.opengis.net/gml" xmlns:xlink="http://www.w3.org/1999/xlink" xmlns:xsi="http://www.w3.org/2001/XMLSchema-instance">
  <fileIdentifier>
    <gco:CharacterString>edu.stanford.purl:mb886mv5963</gco:CharacterString>
  </fileIdentifier>
  <language>
    <LanguageCode codeList="http://www.loc.gov/standards/iso639-2/php/code_list.php" codeListValue="eng" codeSpace="ISO639-2">eng</LanguageCode>
  </language>
  <characterSet>
    <MD_CharacterSetCode codeList="http://www.isotc211.org/2005/resources/Codelist/gmxCodelists.xml#MD_CharacterSetCode" codeListValue="utf8" codeSpace="ISOTC211/19115">utf8</MD_CharacterSetCode>
  </characterSet>
  <parentIdentifier>
    <gco:CharacterString>http://purl.stanford.edu/ch237ht4777.mods</gco:CharacterString>
  </parentIdentifier>
  <hierarchyLevel>
    <MD_ScopeCode codeList="http://www.isotc211.org/2005/resources/Codelist/gmxCodelists.xml#MD_ScopeCode" codeListValue="dataset" codeSpace="ISOTC211/19115">dataset</MD_ScopeCode>
  </hierarchyLevel>
  <hierarchyLevelName>
    <gco:CharacterString>dataset</gco:CharacterString>
  </hierarchyLevelName>
  <contact>
    <CI_ResponsibleParty>
      <organisationName>
        <gco:CharacterString>Stanford Geospatial Center</gco:CharacterString>
      </organisationName>
      <contactInfo>
        <CI_Contact>
          <phone>
            <CI_Telephone>
              <voice>
                <gco:CharacterString>650-723-2746</gco:CharacterString>
              </voice>
            </CI_Telephone>
          </phone>
          <address>
            <CI_Address>
              <deliveryPoint>
                <gco:CharacterString>Branner Earth Sciences Library</gco:CharacterString>
              </deliveryPoint>
              <deliveryPoint>
                <gco:CharacterString>Mitchell Building, 2nd Floor</gco:CharacterString>
              </deliveryPoint>
              <deliveryPoint>
                <gco:CharacterString>397 Panama Mall</gco:CharacterString>
              </deliveryPoint>
              <city>
                <gco:CharacterString>Stanford</gco:CharacterString>
              </city>
              <administrativeArea>
                <gco:CharacterString>California</gco:CharacterString>
              </administrativeArea>
              <postalCode>
                <gco:CharacterString>94305</gco:CharacterString>
              </postalCode>
              <electronicMailAddress>
                <gco:CharacterString>brannerlibrary@stanford.edu</gco:CharacterString>
              </electronicMailAddress>
            </CI_Address>
          </address>
        </CI_Contact>
      </contactInfo>
      <role>
        <CI_RoleCode codeList="http://www.isotc211.org/2005/resources/Codelist/gmxCodelists.xml#CI_RoleCode" codeListValue="pointOfContact" codeSpace="ISOTC211/19115">pointOfContact</CI_RoleCode>
      </role>
    </CI_ResponsibleParty>
  </contact>
  <dateStamp>
    <gco:Date>2016-10-19</gco:Date>
  </dateStamp>
  <metadataStandardName>
    <gco:CharacterString>ISO 19139 Geographic Information - Metadata - Implementation Specification</gco:CharacterString>
  </metadataStandardName>
  <metadataStandardVersion>
    <gco:CharacterString>2007</gco:CharacterString>
  </metadataStandardVersion>
  <dataSetURI>
    <gco:CharacterString>http://purl.stanford.edu/mb886mv5963</gco:CharacterString>
  </dataSetURI>
  <spatialRepresentationInfo>
    <MD_VectorSpatialRepresentation>
      <topologyLevel>
        <MD_TopologyLevelCode codeList="http://www.isotc211.org/2005/resources/Codelist/gmxCodelists.xml#MD_TopologyLevelCode" codeListValue="geometryOnly" codeSpace="ISOTC211/19115">geometryOnly</MD_TopologyLevelCode>
      </topologyLevel>
      <geometricObjects>
        <MD_GeometricObjects>
          <geometricObjectType>
            <MD_GeometricObjectTypeCode codeList="http://www.isotc211.org/2005/resources/Codelist/gmxCodelists.xml#MD_GeometricObjectTypeCode" codeListValue="composite" codeSpace="ISOTC211/19115">composite</MD_GeometricObjectTypeCode>
          </geometricObjectType>
          <geometricObjectCount>
            <gco:Integer>237</gco:Integer>
          </geometricObjectCount>
        </MD_GeometricObjects>
      </geometricObjects>
    </MD_VectorSpatialRepresentation>
  </spatialRepresentationInfo>
  <referenceSystemInfo>
    <MD_ReferenceSystem>
      <referenceSystemIdentifier>
        <RS_Identifier>
          <code>
            <gco:CharacterString>4326</gco:CharacterString>
          </code>
          <codeSpace>
            <gco:CharacterString>EPSG</gco:CharacterString>
          </codeSpace>
          <version>
            <gco:CharacterString>8.6.2</gco:CharacterString>
          </version>
        </RS_Identifier>
      </referenceSystemIdentifier>
    </MD_ReferenceSystem>
  </referenceSystemInfo>
  <identificationInfo>
    <MD_DataIdentification>
      <citation>
        <CI_Citation>
          <title>
            <gco:CharacterString>Tōa yochizu, Maps Index</gco:CharacterString>
          </title>
          <alternateTitle>
            <gco:CharacterString>asia 1:1,000,000 maps index</gco:CharacterString>
          </alternateTitle>
          <date>
            <CI_Date>
              <date>
                <gco:Date>2016-05-01</gco:Date>
              </date>
              <dateType>
                <CI_DateTypeCode codeList="http://www.isotc211.org/2005/resources/Codelist/gmxCodelists.xml#CI_DateTypeCode" codeListValue="publication" codeSpace="ISOTC211/19115">publication</CI_DateTypeCode>
              </dateType>
            </CI_Date>
          </date>
          <identifier>
            <MD_Identifier>
              <code>
                <gco:CharacterString>http://purl.stanford.edu/mb886mv5963</gco:CharacterString>
              </code>
            </MD_Identifier>
          </identifier>
          <citedResponsibleParty>
            <CI_ResponsibleParty>
              <organisationName>
                <gco:CharacterString>Stanford Geospatial Center</gco:CharacterString>
              </organisationName>
              <contactInfo>
                <CI_Contact>
                  <phone>
                    <CI_Telephone>
                      <voice>
                        <gco:CharacterString>650-723-2746</gco:CharacterString>
                      </voice>
                    </CI_Telephone>
                  </phone>
                  <address>
                    <CI_Address>
                      <deliveryPoint>
                        <gco:CharacterString>Branner Earth Sciences Library</gco:CharacterString>
                      </deliveryPoint>
                      <deliveryPoint>
                        <gco:CharacterString>Mitchell Building, 2nd Floor</gco:CharacterString>
                      </deliveryPoint>
                      <deliveryPoint>
                        <gco:CharacterString>397 Panama Mall</gco:CharacterString>
                      </deliveryPoint>
                      <city>
                        <gco:CharacterString>Stanford</gco:CharacterString>
                      </city>
                      <administrativeArea>
                        <gco:CharacterString>California</gco:CharacterString>
                      </administrativeArea>
                      <postalCode>
                        <gco:CharacterString>94305</gco:CharacterString>
                      </postalCode>
                      <electronicMailAddress>
                        <gco:CharacterString>brannerlibrary@stanford.edu</gco:CharacterString>
                      </electronicMailAddress>
                    </CI_Address>
                  </address>
                </CI_Contact>
              </contactInfo>
              <role>
                <CI_RoleCode codeList="http://www.isotc211.org/2005/resources/Codelist/gmxCodelists.xml#CI_RoleCode" codeListValue="originator" codeSpace="ISOTC211/19115">originator</CI_RoleCode>
              </role>
            </CI_ResponsibleParty>
          </citedResponsibleParty>
          <citedResponsibleParty>
            <CI_ResponsibleParty>
              <organisationName>
                <gco:CharacterString>Stanford Digital Repository</gco:CharacterString>
              </organisationName>
              <contactInfo>
                <CI_Contact>
                  <address>
                    <CI_Address>
                      <city>
                        <gco:CharacterString>Stanford</gco:CharacterString>
                      </city>
                      <administrativeArea>
                        <gco:CharacterString>California</gco:CharacterString>
                      </administrativeArea>
                    </CI_Address>
                  </address>
                </CI_Contact>
              </contactInfo>
              <role>
                <CI_RoleCode codeList="http://www.isotc211.org/2005/resources/Codelist/gmxCodelists.xml#CI_RoleCode" codeListValue="publisher" codeSpace="ISOTC211/19115">publisher</CI_RoleCode>
              </role>
            </CI_ResponsibleParty>
          </citedResponsibleParty>
          <presentationForm>
            <CI_PresentationFormCode codeList="http://www.isotc211.org/2005/resources/Codelist/gmxCodelists.xml#CI_PresentationFormCode" codeListValue="mapDigital" codeSpace="ISOTC211/19115">mapDigital</CI_PresentationFormCode>
          </presentationForm>
          <collectiveTitle>
            <gco:CharacterString>Topographic Map Indexes (Shapefiles)</gco:CharacterString>
          </collectiveTitle>
        </CI_Citation>
      </citation>
      <abstract>
        <gco:CharacterString>This polygon shapefile is an index to 1:1,000,000 scale maps of Asia, titled 'Tōa yochizu -- 東亞輿地圖.' This map series was originally produced by the Japanese Land Survey Department of the General Staff Headquarters between 1897 and 1926. Stanford University Libraries holds a large collection of Japanese military and imperial maps, referred to as gaihōzu, or "maps of outer lands." These maps were produced starting in the early Meiji (1868-1912) era and the end of World War II by the Land Survey Department of the General Staff Headquarters, the former Japanese Army. The Library is in the process of scanning and making available all of the maps in the collection. To create this index, footprints were generated using the fishnet tool, and metadata were supplied for the digitized paper maps by Stanford University Libraries. After the footprints were created, the shapefile was trimmed and labeled according to the sources.</gco:CharacterString>
      </abstract>
      <purpose>
        <gco:CharacterString>This layer provides an index map that can be used to locate individual scanned map sheets.</gco:CharacterString>
      </purpose>
      <credit>
        <gco:CharacterString>Stanford Geospatial Center. (2016). Tōa yochizu, Maps Index. Stanford Digital Repository. Available at: http://purl.stanford.edu/mb886mv5963.</gco:CharacterString>
      </credit>
      <status>
        <MD_ProgressCode codeList="http://www.isotc211.org/2005/resources/Codelist/gmxCodelists.xml#MD_ProgressCode" codeListValue="completed" codeSpace="ISOTC211/19115">completed</MD_ProgressCode>
      </status>
      <pointOfContact>
        <CI_ResponsibleParty>
          <organisationName>
            <gco:CharacterString>Stanford Geospatial Center</gco:CharacterString>
          </organisationName>
          <contactInfo>
            <CI_Contact>
              <phone>
                <CI_Telephone>
                  <voice>
                    <gco:CharacterString>650-723-2746</gco:CharacterString>
                  </voice>
                </CI_Telephone>
              </phone>
              <address>
                <CI_Address>
                  <deliveryPoint>
                    <gco:CharacterString>Branner Earth Sciences Library</gco:CharacterString>
                  </deliveryPoint>
                  <deliveryPoint>
                    <gco:CharacterString>Mitchell Building, 2nd Floor</gco:CharacterString>
                  </deliveryPoint>
                  <deliveryPoint>
                    <gco:CharacterString>397 Panama Mall</gco:CharacterString>
                  </deliveryPoint>
                  <city>
                    <gco:CharacterString>Stanford</gco:CharacterString>
                  </city>
                  <administrativeArea>
                    <gco:CharacterString>California</gco:CharacterString>
                  </administrativeArea>
                  <postalCode>
                    <gco:CharacterString>94305</gco:CharacterString>
                  </postalCode>
                  <electronicMailAddress>
                    <gco:CharacterString>brannerlibrary@stanford.edu</gco:CharacterString>
                  </electronicMailAddress>
                </CI_Address>
              </address>
            </CI_Contact>
          </contactInfo>
          <role>
            <CI_RoleCode codeList="http://www.isotc211.org/2005/resources/Codelist/gmxCodelists.xml#CI_RoleCode" codeListValue="pointOfContact" codeSpace="ISOTC211/19115">pointOfContact</CI_RoleCode>
          </role>
        </CI_ResponsibleParty>
      </pointOfContact>
      <resourceMaintenance>
        <MD_MaintenanceInformation>
          <maintenanceAndUpdateFrequency>
            <MD_MaintenanceFrequencyCode codeList="http://www.isotc211.org/2005/resources/Codelist/gmxCodelists.xml#MD_MaintenanceFrequencyCode" codeListValue="asNeeded" codeSpace="ISOTC211/19115">asNeeded</MD_MaintenanceFrequencyCode>
          </maintenanceAndUpdateFrequency>
        </MD_MaintenanceInformation>
      </resourceMaintenance>
      <descriptiveKeywords>
        <MD_Keywords>
          <keyword>
            <gco:CharacterString>East Asia</gco:CharacterString>
          </keyword>
          <keyword>
            <gco:CharacterString>Asia</gco:CharacterString>
          </keyword>
          <type>
            <MD_KeywordTypeCode codeList="http://www.isotc211.org/2005/resources/Codelist/gmxCodelists.xml#MD_KeywordTypeCode" codeListValue="place" codeSpace="ISOTC211/19115">place</MD_KeywordTypeCode>
          </type>
          <thesaurusName>
            <CI_Citation>
              <title>
                <gco:CharacterString>geonames</gco:CharacterString>
              </title>
              <date>
                <CI_Date>
                  <date>
                    <gco:Date>2012-11-01</gco:Date>
                  </date>
                  <dateType>
                    <CI_DateTypeCode codeList="http://www.isotc211.org/2005/resources/Codelist/gmxCodelists.xml#CI_DateTypeCode" codeListValue="revision" codeSpace="ISOTC211/19115">revision</CI_DateTypeCode>
                  </dateType>
                </CI_Date>
              </date>
              <identifier>
                <MD_Identifier>
                  <code>
                    <gco:CharacterString>http://www.geonames.org/ontology#</gco:CharacterString>
                  </code>
                </MD_Identifier>
              </identifier>
            </CI_Citation>
          </thesaurusName>
        </MD_Keywords>
      </descriptiveKeywords>
      <descriptiveKeywords>
        <MD_Keywords>
          <keyword>
            <gco:CharacterString>Military maps</gco:CharacterString>
          </keyword>
          <keyword>
            <gco:CharacterString>Topographic maps</gco:CharacterString>
          </keyword>
          <keyword>
            <gco:CharacterString>Index maps</gco:CharacterString>
          </keyword>
          <keyword>
            <gco:CharacterString>Grids (Cartography)</gco:CharacterString>
          </keyword>
          <type>
            <MD_KeywordTypeCode codeList="http://www.isotc211.org/2005/resources/Codelist/gmxCodelists.xml#MD_KeywordTypeCode" codeListValue="theme" codeSpace="ISOTC211/19115">theme</MD_KeywordTypeCode>
          </type>
          <thesaurusName>
            <CI_Citation>
              <title>
                <gco:CharacterString>lcsh</gco:CharacterString>
              </title>
              <date>
                <CI_Date>
                  <date>
                    <gco:Date>2011-04-26</gco:Date>
                  </date>
                  <dateType>
                    <CI_DateTypeCode codeList="http://www.isotc211.org/2005/resources/Codelist/gmxCodelists.xml#CI_DateTypeCode" codeListValue="revision" codeSpace="ISOTC211/19115">revision</CI_DateTypeCode>
                  </dateType>
                </CI_Date>
              </date>
              <identifier>
                <MD_Identifier>
                  <code>
                    <gco:CharacterString>http://id.loc.gov/authorities/subjects.html</gco:CharacterString>
                  </code>
                </MD_Identifier>
              </identifier>
            </CI_Citation>
          </thesaurusName>
        </MD_Keywords>
      </descriptiveKeywords>
      <descriptiveKeywords>
        <MD_Keywords>
          <keyword>
            <gco:CharacterString>Downloadable Data</gco:CharacterString>
          </keyword>
          <thesaurusName uuidref="723f6998-058e-11dc-8314-0800200c9a66"/>
        </MD_Keywords>
      </descriptiveKeywords>
      <resourceConstraints>
        <MD_LegalConstraints>
          <useConstraints>
            <MD_RestrictionCode codeList="http://www.isotc211.org/2005/resources/Codelist/gmxCodelists.xml#MD_RestrictionCode" codeListValue="otherRestrictions" codeSpace="ISOTC211/19115">otherRestrictions</MD_RestrictionCode>
          </useConstraints>
          <otherConstraints>
            <gco:CharacterString>This item is in the public domain. There are no restrictions on access or use.</gco:CharacterString>
          </otherConstraints>
        </MD_LegalConstraints>
      </resourceConstraints>
      <aggregationInfo>
        <MD_AggregateInformation>
          <aggregateDataSetName>
            <CI_Citation>
              <title>
                <gco:CharacterString>Topographic Map Indexes (Shapefiles)</gco:CharacterString>
              </title>
              <date gco:nilReason="missing"/>
              <identifier>
                <MD_Identifier>
                  <code>
                    <gco:CharacterString>http://purl.stanford.edu/ch237ht4777</gco:CharacterString>
                  </code>
                </MD_Identifier>
              </identifier>
            </CI_Citation>
          </aggregateDataSetName>
          <associationType>
            <DS_AssociationTypeCode codeList="http://www.isotc211.org/2005/resources/Codelist/gmxCodelists.xml#DS_AssociationTypeCode" codeListValue="largerWorkCitation" codeSpace="ISOTC211/19115">largerWorkCitation</DS_AssociationTypeCode>
          </associationType>
          <initiativeType>
            <DS_InitiativeTypeCode codeList="http://www.isotc211.org/2005/resources/Codelist/gmxCodelists.xml#DS_InitiativeTypeCode" codeListValue="collection" codeSpace="ISOTC211/19115">collection</DS_InitiativeTypeCode>
          </initiativeType>
        </MD_AggregateInformation>
      </aggregationInfo>
      <aggregationInfo>
        <MD_AggregateInformation>
          <aggregateDataSetName>
            <CI_Citation>
              <title>
                <gco:CharacterString>Tōa yōchizu [cartographic material]</gco:CharacterString>
              </title>
              <date gco:nilReason="missing"/>
            </CI_Citation>
          </aggregateDataSetName>
          <associationType>
            <DS_AssociationTypeCode codeList="http://www.isotc211.org/2005/resources/Codelist/gmxCodelists.xml#DS_AssociationTypeCode" codeListValue="crossReference" codeSpace="ISOTC211/19115">crossReference</DS_AssociationTypeCode>
          </associationType>
          <initiativeType>
            <DS_InitiativeTypeCode codeList="http://www.isotc211.org/2005/resources/Codelist/gmxCodelists.xml#DS_InitiativeTypeCode" codeListValue="collection" codeSpace="ISOTC211/19115">collection</DS_InitiativeTypeCode>
          </initiativeType>
        </MD_AggregateInformation>
      </aggregationInfo>
      <spatialRepresentationType>
        <MD_SpatialRepresentationTypeCode codeList="http://www.isotc211.org/2005/resources/Codelist/gmxCodelists.xml#MD_SpatialRepresentationTypeCode" codeListValue="vector" codeSpace="ISOTC211/19115">vector</MD_SpatialRepresentationTypeCode>
      </spatialRepresentationType>
      <language>
        <LanguageCode codeList="http://www.loc.gov/standards/iso639-2/php/code_list.php" codeListValue="eng" codeSpace="ISO639-2">eng</LanguageCode>
      </language>
      <characterSet>
        <MD_CharacterSetCode codeList="http://www.isotc211.org/2005/resources/Codelist/gmxCodelists.xml#MD_CharacterSetCode" codeListValue="utf8" codeSpace="ISOTC211/19115">utf8</MD_CharacterSetCode>
      </characterSet>
      <topicCategory>
        <MD_TopicCategoryCode>boundaries</MD_TopicCategoryCode>
      </topicCategory>
      <topicCategory>
        <MD_TopicCategoryCode>intelligenceMilitary</MD_TopicCategoryCode>
      </topicCategory>
      <environmentDescription>
        <gco:CharacterString>Microsoft Windows 7 Version 6.1 (Build 7601) Service Pack 1; Esri ArcGIS 10.3.1.4959</gco:CharacterString>
      </environmentDescription>
      <extent>
        <EX_Extent>
          <geographicElement>
            <EX_GeographicBoundingBox>
              <extentTypeCode>
                <gco:Boolean>true</gco:Boolean>
              </extentTypeCode>
              <westBoundLongitude>
                <gco:Decimal>50.000122</gco:Decimal>
              </westBoundLongitude>
              <eastBoundLongitude>
                <gco:Decimal>160.000122</gco:Decimal>
              </eastBoundLongitude>
              <southBoundLatitude>
                <gco:Decimal>0</gco:Decimal>
              </southBoundLatitude>
              <northBoundLatitude>
                <gco:Decimal>60.000122</gco:Decimal>
              </northBoundLatitude>
            </EX_GeographicBoundingBox>
          </geographicElement>
        </EX_Extent>
      </extent>
      <extent>
        <EX_Extent>
          <description>
            <gco:CharacterString>ground condition</gco:CharacterString>
          </description>
          <temporalElement>
            <EX_TemporalExtent>
              <extent>
                <gml:TimePeriod gml:id="idm6000">
                  <gml:beginPosition>1897-01-01T00:00:00</gml:beginPosition>
                  <gml:endPosition>1926-12-31T00:00:00</gml:endPosition>
                </gml:TimePeriod>
              </extent>
            </EX_TemporalExtent>
          </temporalElement>
        </EX_Extent>
      </extent>
    </MD_DataIdentification>
  </identificationInfo>
  <contentInfo>
    <MD_FeatureCatalogueDescription>
      <complianceCode>
        <gco:Boolean>false</gco:Boolean>
      </complianceCode>
      <language>
        <LanguageCode codeList="http://www.loc.gov/standards/iso639-2/php/code_list.php" codeListValue="eng" codeSpace="ISO639-2">eng</LanguageCode>
      </language>
      <includedWithDataset>
        <gco:Boolean>true</gco:Boolean>
      </includedWithDataset>
      <featureCatalogueCitation>
        <CI_Citation>
          <title>
            <gco:CharacterString>Feature catalog for Tōa yochizu, Maps Index</gco:CharacterString>
          </title>
          <date gco:nilReason="missing"/>
          <identifier>
            <MD_Identifier>
              <code>
                <gco:CharacterString>cc15bb7d-8d58-4fdb-9c94-251ba0a6f830</gco:CharacterString>
              </code>
            </MD_Identifier>
          </identifier>
        </CI_Citation>
      </featureCatalogueCitation>
    </MD_FeatureCatalogueDescription>
  </contentInfo>
  <distributionInfo>
    <MD_Distribution>
      <distributionFormat>
        <MD_Format>
          <name>
            <gco:CharacterString>Shapefile</gco:CharacterString>
          </name>
          <version gco:nilReason="missing"/>
        </MD_Format>
      </distributionFormat>
      <distributor>
        <MD_Distributor>
          <distributorContact>
            <CI_ResponsibleParty>
              <organisationName>
                <gco:CharacterString>Stanford Geospatial Center</gco:CharacterString>
              </organisationName>
              <contactInfo>
                <CI_Contact>
                  <phone>
                    <CI_Telephone>
                      <voice>
                        <gco:CharacterString>650-723-2746</gco:CharacterString>
                      </voice>
                    </CI_Telephone>
                  </phone>
                  <address>
                    <CI_Address>
                      <deliveryPoint>
                        <gco:CharacterString>Branner Earth Sciences Library</gco:CharacterString>
                      </deliveryPoint>
                      <deliveryPoint>
                        <gco:CharacterString>Mitchell Building, 2nd Floor</gco:CharacterString>
                      </deliveryPoint>
                      <deliveryPoint>
                        <gco:CharacterString>397 Panama Mall</gco:CharacterString>
                      </deliveryPoint>
                      <city>
                        <gco:CharacterString>Stanford</gco:CharacterString>
                      </city>
                      <administrativeArea>
                        <gco:CharacterString>California</gco:CharacterString>
                      </administrativeArea>
                      <postalCode>
                        <gco:CharacterString>94305</gco:CharacterString>
                      </postalCode>
                      <electronicMailAddress>
                        <gco:CharacterString>brannerlibrary@stanford.edu</gco:CharacterString>
                      </electronicMailAddress>
                    </CI_Address>
                  </address>
                </CI_Contact>
              </contactInfo>
              <role>
                <CI_RoleCode codeList="http://www.isotc211.org/2005/resources/Codelist/gmxCodelists.xml#CI_RoleCode" codeListValue="distributor" codeSpace="ISOTC211/19115">distributor</CI_RoleCode>
              </role>
            </CI_ResponsibleParty>
          </distributorContact>
        </MD_Distributor>
      </distributor>
      <transferOptions>
        <MD_DigitalTransferOptions>
          <transferSize>
            <gco:Real>0.031</gco:Real>
          </transferSize>
          <onLine>
            <CI_OnlineResource>
              <linkage>
                <URL>http://purl.stanford.edu/mb886mv5963</URL>
              </linkage>
              <protocol>
                <gco:CharacterString>http</gco:CharacterString>
              </protocol>
              <name>
                <gco:CharacterString>JMM_B20_J02.shp</gco:CharacterString>
              </name>
            </CI_OnlineResource>
          </onLine>
        </MD_DigitalTransferOptions>
      </transferOptions>
    </MD_Distribution>
  </distributionInfo>
  <dataQualityInfo>
    <DQ_DataQuality>
      <scope gco:nilReason="missing"/>
      <lineage>
        <LI_Lineage>
          <source>
            <LI_Source>
              <description>
                <gco:CharacterString>Paper map series</gco:CharacterString>
              </description>
              <sourceCitation>
                <CI_Citation>
                  <title>
                    <gco:CharacterString>Tōa yōchizu [cartographic material]</gco:CharacterString>
                  </title>
                  <date gco:nilReason="missing"/>
                </CI_Citation>
              </sourceCitation>
            </LI_Source>
          </source>
        </LI_Lineage>
      </lineage>
    </DQ_DataQuality>
  </dataQualityInfo>
</MD_Metadata>
