<?xml version="1.0" encoding="UTF-8"?>
<metadata>
  <idinfo>
    <citation>
      <citeinfo>
        <origin/>
        <pubdate>20160501</pubdate>
        <title>Tōa yochizu, Maps Index</title>
        <geoform>vector digital data</geoform>
        <pubinfo>
          <pubplace/>
          <publish>Stanford Digital Repository</publish>
        </pubinfo>
        <onlink>http://purl.stanford.edu/mb886mv5963</onlink>
        <lworkcit>
          <citeinfo>
            <title>Topographic Map Indexes (Shapefiles)</title>
          </citeinfo>
        </lworkcit>
      </citeinfo>
    </citation>
    <descript>
      <abstract>This polygon shapefile is an index to 1:1,000,000 scale maps of Asia, titled 'Tōa yochizu -- 東亞輿地圖.' This map series was originally produced by the Japanese Land Survey Department of the General Staff Headquarters between 1897 and 1926. Stanford University Libraries holds a large collection of Japanese military and imperial maps, referred to as gaihōzu, or "maps of outer lands." These maps were produced starting in the early Meiji (1868-1912) era and the end of World War II by the Land Survey Department of the General Staff Headquarters, the former Japanese Army. The Library is in the process of scanning and making available all of the maps in the collection. To create this index, footprints were generated using the fishnet tool, and metadata were supplied for the digitized paper maps by Stanford University Libraries. After the footprints were created, the shapefile was trimmed and labeled according to the sources.</abstract>
      <purpose>This layer provides an index map that can be used to locate individual scanned map sheets.</purpose>
    </descript>
    <timeperd>
      <timeinfo>
        <rngdates>
          <begdate>18970101</begdate>
          <enddate>19261231</enddate>
        </rngdates>
      </timeinfo>
      <current>ground condition</current>
    </timeperd>
    <status>
      <progress>Complete</progress>
      <update>As needed</update>
    </status>
    <spdom>
      <bounding>
        <westbc>50.000122</westbc>
        <eastbc>160.000122</eastbc>
        <northbc>60.000122</northbc>
        <southbc>0.000000</southbc>
      </bounding>
    </spdom>
    <keywords>
      <theme>
        <themekt>lcsh</themekt>
        <themekey>Military maps</themekey>
        <themekey>Topographic maps</themekey>
        <themekey>Index maps</themekey>
        <themekey>Grids (Cartography)</themekey>
      </theme>
      <theme>
        <themekt>ISO 19115 Topic Categories</themekt>
        <themekey>boundaries</themekey>
        <themekey>intelligenceMilitary</themekey>
      </theme>
      <place>
        <placekt>geonames</placekt>
        <placekey>East Asia</placekey>
        <placekey>Asia</placekey>
      </place>
    </keywords>
    <accconst>This item is in the public domain. There are no restrictions on access or use.</accconst>
    <useconst>None</useconst>
    <ptcontac>
      <cntinfo>
        <cntorgp>
          <cntorg>Stanford Geospatial Center</cntorg>
        </cntorgp>
        <cntaddr>
          <addrtype>physical</addrtype>
          <address>Branner Earth Sciences Library</address>
          <address>Mitchell Building, 2nd Floor</address>
          <address>397 Panama Mall</address>
          <city>Stanford</city>
          <state>California</state>
          <postal>94305</postal>
        </cntaddr>
        <cntvoice>650-723-2746</cntvoice>
        <cntemail>brannerlibrary@stanford.edu</cntemail>
      </cntinfo>
    </ptcontac>
    <datacred>Stanford Geospatial Center. (2016). Tōa yochizu, Maps Index. Stanford Digital Repository. Available at: http://purl.stanford.edu/mb886mv5963.</datacred>
    <native>Microsoft Windows 7 Version 6.1 (Build 7601) Service Pack 1; Esri ArcGIS 10.3.1.4959</native>
    <crossref>
      <citeinfo>
        <title>Tōa yōchizu [cartographic material]</title>
        <onlink>https://searchworks.stanford.edu/view/9590333</onlink>
      </citeinfo>
    </crossref>
  </idinfo>
  <dataqual>
    <lineage>
      <srcinfo>
        <srccite>
          <citeinfo>
            <title>Tōa yōchizu [cartographic material]</title>
            <onlink>https://searchworks.stanford.edu/view/9590333</onlink>
          </citeinfo>
        </srccite>
        <typesrc>hardcopy</typesrc>
        <srccitea>Tōa yōchizu [cartographic material]</srccitea>
        <srccontr>Paper map series</srccontr>
      </srcinfo>
    </lineage>
  </dataqual>
  <spdoinfo>
    <direct>Vector</direct>
    <ptvctinf>
      <sdtsterm>
        <sdtstype>GT-polygon composed of chains</sdtstype>
        <ptvctcnt>237</ptvctcnt>
      </sdtsterm>
    </ptvctinf>
  </spdoinfo>
  <eainfo>
    <detailed>
      <enttyp>
        <enttypl>JMM_B20_J02</enttypl>
      </enttyp>
      <attr>
        <attrlabl>FID</attrlabl>
        <attrdef>Internal feature number.</attrdef>
        <attrdefs>Esri</attrdefs>
        <attrdomv>
          <udom>Sequential unique whole numbers that are automatically generated.</udom>
        </attrdomv>
      </attr>
      <attr>
        <attrlabl>Shape</attrlabl>
        <attrdef>Feature geometry.</attrdef>
        <attrdefs>Esri</attrdefs>
        <attrdomv>
          <udom>Coordinates defining the features.</udom>
        </attrdomv>
      </attr>
      <attr>
        <attrlabl>Sheet_Num</attrlabl>
      </attr>
      <attr>
        <attrlabl>Call_Short</attrlabl>
      </attr>
      <attr>
        <attrlabl>Sheet_ID</attrlabl>
      </attr>
      <attr>
        <attrlabl>Call_Num</attrlabl>
      </attr>
      <attr>
        <attrlabl>Label</attrlabl>
      </attr>
      <attr>
        <attrlabl>Druid</attrlabl>
      </attr>
      <attr>
        <attrlabl>Purl</attrlabl>
      </attr>
      <attr>
        <attrlabl>Title</attrlabl>
      </attr>
      <attr>
        <attrlabl>Symph_Bar</attrlabl>
      </attr>
      <attr>
        <attrlabl>Ckey</attrlabl>
      </attr>
      <attr>
        <attrlabl>sheet</attrlabl>
      </attr>
      <attr>
        <attrlabl>web_map</attrlabl>
      </attr>
    </detailed>
  </eainfo>
  <distinfo>
    <distrib>
      <cntinfo>
        <cntorgp>
          <cntorg>Stanford Geospatial Center</cntorg>
        </cntorgp>
        <cntaddr>
          <addrtype>physical</addrtype>
          <address>Branner Earth Sciences Library</address>
          <address>Mitchell Building, 2nd Floor</address>
          <address>397 Panama Mall</address>
          <city>Stanford</city>
          <state>California</state>
          <postal>94305</postal>
        </cntaddr>
        <cntvoice>650-723-2746</cntvoice>
        <cntemail>brannerlibrary@stanford.edu</cntemail>
      </cntinfo>
    </distrib>
    <distliab>See access and use constraints information.</distliab>
  </distinfo>
  <metainfo>
    <metd>20161019</metd>
    <metc>
      <cntinfo>
        <cntorgp>
          <cntorg>Stanford Geospatial Center</cntorg>
        </cntorgp>
        <cntaddr>
          <addrtype>physical</addrtype>
          <address>Branner Earth Sciences Library</address>
          <address>Mitchell Building, 2nd Floor</address>
          <address>397 Panama Mall</address>
          <city>Stanford</city>
          <state>California</state>
          <postal>94305</postal>
        </cntaddr>
        <cntvoice>650-723-2746</cntvoice>
        <cntemail>brannerlibrary@stanford.edu</cntemail>
      </cntinfo>
    </metc>
    <metstdn>FGDC Content Standard for Digital Geospatial Metadata</metstdn>
    <metstdv>FGDC-STD-001-1998</metstdv>
    <mettc>local time</mettc>
  </metainfo>
</metadata>
